"New York, New York"
"Los Angeles, California"
"Chicago, Illinois"
"Houston, Texas"
"Philadelphia, Pennsylvania"
"Phoenix, Arizona"
"San Antonio, Texas"
"San Diego, California"
"Dallas, Texas"
"San Jose, California"
"Austin, Texas"
"Indianapolis, Indiana"
"Jacksonville, Florida"
"San Francisco, California"
"Columbus, Ohio"
"Charlotte, North Carolina"
"Fort Worth, Texas"
"Detroit, Michigan"
"El Paso, Texas"
"Memphis, Tennessee"
"Seattle, Washington"
"Denver, Colorado"
"Washington, District of Columbia"
"Boston, Massachusetts"
"Nashville, Tennessee"
"Baltimore, Maryland"
"Oklahoma City, Oklahoma"
"Louisville, Kentucky"
"Portland, Oregon"
"Las Vegas, Nevada"
"Milwaukee, Wisconsin"
"Albuquerque, New Mexico"
"Tucson, Arizona"
"Fresno, California"
"Sacramento, California"
"Long Beach, California"
"Kansas City, Missouri"
"Mesa, Arizona"
"Virginia Beach, Virginia"
"Atlanta, Georgia"
"Colorado Springs, Colorado"
"Omaha, Nebraska"
"Raleigh, North Carolina"
"Miami, Florida"
"Oakland, California"
"Minneapolis, Minnesota"
"Tulsa, Oklahoma"
"Cleveland, Ohio"
"Wichita, Kansas"
"Arlington, Texas"
"New Orleans, Louisiana"
"Tampa, Florida"
"Honolulu, Hawaii"
"Aurora, Colorado"
"Anaheim, California"
"Santa Ana, California"
"St. Louis, Missouri"
"Corpus Christi, Texas"
"Lexington, Kentucky"
"Pittsburgh, Pennsylvania"
"Anchorage, Alaska"
"Cincinnati, Ohio"
"Saint Paul, Minnesota"
"Toledo, Ohio"
"Greensboro, North Carolina"
"Newark, New Jersey"
"Plano, Texas"
"Henderson, Nevada"
"Lincoln, Nebraska"
"Buffalo, New York"
"Jersey City, New Jersey"
"Fort Wayne, Indiana"
"Orlando, Florida"
"St. Petersburg, Florida"
"Chandler, Arizona"
"Norfolk, Virginia"
"Durham, North Carolina"
"Madison, Wisconsin"
"Irvine, California"
"Winston-Salem, North Carolina"
"Glendale, Arizona"
"Garland, Texas"
"Reno, Nevada"
"Baton Rouge, Louisiana"
"Irving, Texas"
"Scottsdale, Arizona"
"Fremont, California"
"Boise, Idaho"
"Richmond, Virginia"
"Birmingham, Alabama"
"Spokane, Washington"
"Rochester, New York"
"Des Moines, Iowa"
"Fayetteville, North Carolina"
"Tacoma, Washington"
"Columbus, Georgia"
"Montgomery, Alabama"
"Aurora, Illinois"
"Yonkers, New York"
"Akron, Ohio"
"Huntington Beach, California"
"Little Rock, Arkansas"
"Augusta, Georgia"
"Glendale, California"
"Mobile, Alabama"
"Grand Rapids, Michigan"
"Salt Lake City, Utah"
"Tallahassee, Florida"
"Huntsville, Alabama"
"Grand Prairie, Texas"
"Knoxville, Tennessee"
"Worcester, Massachusetts"
"Newport News, Virginia"
"Overland Park, Kansas"
"Providence, Rhode Island"
"Chattanooga, Tennessee"
"Jackson, Mississippi"
"Fort Lauderdale, Florida"
"Santa Rosa, California"
"Rancho Cucamonga, California"
"Tempe, Arizona"
"Ontario, California"
"Vancouver, Washington"
"Sioux Falls, South Dakota"
"Springfield, Missouri"
"Salem, Oregon"
"Eugene, Oregon"
"Palmdale, California"
"Fort Collins, Colorado"
"Hayward, California"
"Cary, North Carolina"
"Rockford, Illinois"
"Alexandria, Virginia"
"McKinney, Texas"
"Kansas City, Kansas"
"Sunnyvale, California"
"Torrance, California"
"Lakewood, Colorado"
"Naperville, Illinois"
"Syracuse, New York"
"Dayton, Ohio"
"Savannah, Georgia"
"Orange, California"
"Pasadena, California"
"Frisco, Texas"
"Hampton, Virginia"
"Warren, Michigan"
"Bellevue, Washington"
"Columbia, South Carolina"
"Olathe, Kansas"
"Sterling Heights, Michigan"
"New Haven, Connecticut"
"Thousand Oaks, California"
"Cedar Rapids, Iowa"
"Charleston, South Carolina"
"Topeka, Kansas"
"Gainesville, Florida"
"Roseville, California"
"Carrollton, Texas"
"Stamford, Connecticut"
"Concord, California"
"Hartford, Connecticut"
"Kent, Washington"
"Evansville, Indiana"
"Santa Clara, California"
"Allentown, Pennsylvania"
"Beaumont, Texas"
"Ann Arbor, Michigan"
"Springfield, Illinois"
"Berkeley, California"
"Peoria, Illinois"
"Provo, Utah"
"Lansing, Michigan"
"Fargo, North Dakota"
"Costa Mesa, California"
"Carlsbad, California"
"Westminster, Colorado"
"Rochester, Minnesota"
"Manchester, New Hampshire"
"Elgin, Illinois"
"Round Rock, Texas"
"Clearwater, Florida"
"Lowell, Massachusetts"
"Cambridge, Massachusetts"
"Centennial, Colorado"
"Everett, Washington"
"Green Bay, Wisconsin"
"Burbank, California"
"Richardson, Texas"
"North Charleston, South Carolina"
"Boulder, Colorado"
"West Palm Beach, Florida"
"Davenport, Iowa"
"Edison, New Jersey"
"San Mateo, California"
"Lewisville, Texas"
"South Bend, Indiana"
"Erie, Pennsylvania"
